,,,,,,,,,,
"sha256:ded7a220bb058e28ee3254fbba04ca90b679070424424761a53a043b93b612bf
",dh157_research_images_dec_2022_alpine-3_17_0,dh157_research_images_dec_2022_api-firewall-0_6_9,dh157_research_images_dec_2022_authelia_authelia-4_37,dh157_research_images_dec_2022_clojure-temurin-8-lein-2_10_0-alpine,dh157_research_images_dec_2022_composer-2_5_1,dh157_research_images_dec_2022_docker-20_10_22,dh157_research_images_dec_2022_newrelic_infrastructure-1_36_0,dh157_research_images_dec_2022_newrelic_infrastructure-bundle-2_8_37,dh157_research_images_dec_2022_vaultwarden_server-1_27_0-alpine,dh157_research_images_dec_2022_znc-1_8_2
"sha256:df64d3292fd6194b7865d7326af5255db6d81e9df29f48adde61a918fbd8c332
",dh157_research_images_dec_2022_atlassian_pipelines-auth-proxy-prod,,,,,,,,,
"sha256:cb381a32b2296e4eb5af3f84092a2e6685e88adbc54ee0768a1a1010ce6376c7
",dh157_research_images_dec_2022_atlassian_pipelines-docker-daemon-v20-stable,dh157_research_images_dec_2022_silintl_ecs-deploy-3_10_0,,,,,,,,
"sha256:3fc64803ca2de7279269048fe2b8b3c73d4536448c87c32375b2639ac168a48b
",dh157_research_images_dec_2022_atlassian_pipelines-dvcstools-prod-stable,,,,,,,,,
"sha256:cadbe4638b1a083ca625c1585b225acc8f5354b235930b820fd3c1f0768b6e3e
",dh157_research_images_dec_2022_balena_armv7hf-supervisor-v12_11_35,,,,,,,,,
"sha256:e5e13b0c77cbb769548077189c3da2f0a764ceca06af49d8d558e759f5c232bd
",dh157_research_images_dec_2022_bash-5_2_15,dh157_research_images_dec_2022_eclipse-mosquitto-2_0_15,dh157_research_images_dec_2022_eggdrop-1_9_4,dh157_research_images_dec_2022_kong-3_1_1,dh157_research_images_dec_2022_notary-server-0_7_0,dh157_research_images_dec_2022_notary-signer-0_7_0,dh157_research_images_dec_2022_rancher_klipper-lb-v0_4_0,dh157_research_images_dec_2022_registry-2_8_1,dh157_research_images_dec_2022_wallarm_api-firewall-v0_6_10,
"sha256:994393dc58e7931862558d06e46aa2bb17487044f670f310dffe1d24e4d1eec7
",dh157_research_images_dec_2022_caddy-2_6_2,dh157_research_images_dec_2022_curlimages_curl-7_87_0,dh157_research_images_dec_2022_fluent_fluentd-v1_15_3-1_0,dh157_research_images_dec_2022_grafana_loki-main-785fc2a,dh157_research_images_dec_2022_jenkins_slave-4_13_2-2-alpine,dh157_research_images_dec_2022_mirantis_ucp-agent-3_4_12,dh157_research_images_dec_2022_mirantis_ucp-auth-3_4_12,dh157_research_images_dec_2022_newrelic_infrastructure-k8s-2_13_5,dh157_research_images_dec_2022_rancher_local-path-provisioner-v0_0_23,
"sha256:34d5ebaa5410d2ab4154bbd7c3c99c385ec509eb9c1d03d5486aff01bbd618c5
",dh157_research_images_dec_2022_consul-1_14_3,dh157_research_images_dec_2022_fluxcd_flux-1_25_4,dh157_research_images_dec_2022_fluxcd_flux-prerelease-master-c2317f81,dh157_research_images_dec_2022_fluxcd_helm-operator-1_4_4,dh157_research_images_dec_2022_grafana_grafana-9_3_2,dh157_research_images_dec_2022_pactfoundation_pact-broker-2_105_0_1,dh157_research_images_dec_2022_traefik-v2_9_6,,,
"sha256:531743b7098cb2aaf615641007a129173f63ed86ca32fe7b5a246a1c47286028
",dh157_research_images_dec_2022_docker_ucp-3_1_14,dh157_research_images_dec_2022_docker_ucp-agent-3_1_14,dh157_research_images_dec_2022_docker_ucp-auth-3_1_14,dh157_research_images_dec_2022_docker_ucp-interlock-3_1_14,,,,,,
"sha256:3e207b409db364b595ba862cdc12be96dcdad8e36c59a03b7b3b61c946a5741a
",dh157_research_images_dec_2022_docker_ucp-interlock-proxy-3_1_14,,,,,,,,,
"sha256:b541d28bf3b491aeb424c61353c8c92476ecc2cd603a6c09ee5c2708f1a4b258
",dh157_research_images_dec_2022_envoyproxy_envoy-alpine-v1_21_6,dh157_research_images_dec_2022_rancher_nginx-ingress-controller-nginx-1_2_1-rancher1,,,,,,,,
"sha256:7df5bd7bd26203cecd71c9f1a6e04ddf8a22a4440f2388a13c86f87f40d2d992
",dh157_research_images_dec_2022_fluentd-v1_14_0-1_0,dh157_research_images_dec_2022_newrelic_php-daemon-10_4_0,dh157_research_images_dec_2022_teamspeak-3_13_7,,,,,,,
"sha256:dfc2aaea373b41f5e2af7d33b9b4af08e18852ac689d0efff19cd0468943afa9
",dh157_research_images_dec_2022_linuxserver_bazarr-1_1_3,dh157_research_images_dec_2022_linuxserver_nzbget-version-v21_1,dh157_research_images_dec_2022_linuxserver_piwigo-13_3_0,dh157_research_images_dec_2022_linuxserver_sabnzbd-3_7_0,dh157_research_images_dec_2022_linuxserver_sonarr-v4-version-4_0_0_240,dh157_research_images_dec_2022_linuxserver_transmission-version-3_00-r6,,,,
"sha256:c79211a3264159ea867f770ee86d3f1ed8da9a00dbbba065f2144ebf4269e6c3
",dh157_research_images_dec_2022_linuxserver_beets-1_6_0,dh157_research_images_dec_2022_linuxserver_cops-1_1_3,dh157_research_images_dec_2022_linuxserver_heimdall-2_5_3,dh157_research_images_dec_2022_linuxserver_lidarr-1_0_2,dh157_research_images_dec_2022_linuxserver_medusa-1_0_9,dh157_research_images_dec_2022_linuxserver_nextcloud-25_0_2,dh157_research_images_dec_2022_linuxserver_nginx-1_20_2,dh157_research_images_dec_2022_linuxserver_radarr-4_2_4,dh157_research_images_dec_2022_linuxserver_swag-1_32_0,dh157_research_images_dec_2022_linuxserver_tvheadend-version-81c986d5
"sha256:3c3d7d8c9c508ea82f8ea77ff93d62159bf92870b84d33b266e9cf838dd3e30f
",dh157_research_images_dec_2022_linuxserver_bookstack-22_11_1,dh157_research_images_dec_2022_linuxserver_freshrss-1_20_2,dh157_research_images_dec_2022_linuxserver_grocy-3_3_2,dh157_research_images_dec_2022_linuxserver_headphones-version-a78f38c1,dh157_research_images_dec_2022_linuxserver_htpcmanager-version-bee309ba,dh157_research_images_dec_2022_linuxserver_librespeed-5_2_5,dh157_research_images_dec_2022_linuxserver_minetest-5_6_1,dh157_research_images_dec_2022_linuxserver_syncthing-1_22_2,dh157_research_images_dec_2022_linuxserver_znc-1_8_2,
"sha256:818a0dd4935318738d36d7145f0fbddec29c9e23a9e24ba6a031a1a3bc05ebae
",dh157_research_images_dec_2022_linuxserver_ddclient-3_10_0,,,,,,,,,
"sha256:5edc579e7760785aaf8f0a29617bc19dc7efe957147edaca37d2b5445fa3fb05
",dh157_research_images_dec_2022_linuxserver_deluge-2_1_1,,,,,,,,,
"sha256:2ad0afcf182d644200add1f28072b0b71137cf5f1d95c7fadd7c796892b0841e
",dh157_research_images_dec_2022_linuxserver_dokuwiki-version-2022-07-31a,dh157_research_images_dec_2022_linuxserver_healthchecks-2_5_20221230,dh157_research_images_dec_2022_linuxserver_sickchill-version-2022_10_13,dh157_research_images_dec_2022_linuxserver_smokeping-2_7_3,dh157_research_images_dec_2022_linuxserver_snipe-it-6_0_14,,,,,
"sha256:207f7727f579a1f3dd5f67a14f66397e11b6f1992abf1e4e7c41e0111f123804
",dh157_research_images_dec_2022_linuxserver_duckdns-version-13f609b7,dh157_research_images_dec_2022_linuxserver_netbootxyz-version-0_6_7,dh157_research_images_dec_2022_linuxserver_oscam-version-11718,dh157_research_images_dec_2022_linuxserver_ubooquity-2_1_2,dh157_research_images_dec_2022_linuxserver_webgrabplus-5_0_1,dh157_research_images_dec_2022_linuxserver_openssh-server-version-9_0_p1-r2,,,,
"sha256:a3d6c3f43895625095180297e2c3a62191a9b3dae5946b3e4c26162f8452056e
",dh157_research_images_dec_2022_linuxserver_hydra-version-0_2_233,,,,,,,,,
"sha256:2c697c8935e689f99eef00854010b62e76be3b113e396a423ea8203dcb25ab9a
",dh157_research_images_dec_2022_linuxserver_lychee-4_4_0,,,,,,,,,
"sha256:ce26abf720085e8aa6d02fbd260dfe0b202ee385cc89f6e0aaf3d604ae4b0cd7
",dh157_research_images_dec_2022_linuxserver_mariadb-10_6_9,,,,,,,,,
"sha256:0fae694884f2c5b206f50d7ad96a9ed89d269a93725bb4a1ad7ed1fb9001685d
",dh157_research_images_dec_2022_linuxserver_muximux-version-418923c8,,,,,,,,,
"sha256:97efd6972ded65b99d7e783aad5a3d9668e04c1295949c2b8146c9b68ca9026b
",dh157_research_images_dec_2022_linuxserver_mylar-version-94dcfd13,,,,,,,,,
"sha256:2f7103cf18ab7c476d9b62329191db180b9ba65b979064e3dbf149f69780da71
",dh157_research_images_dec_2022_linuxserver_mylar3-0_6_9,,,,,,,,,
"sha256:c6b22b942b47593044f930753746470f6912dccd3e666ac10775017ef2be0e33
",dh157_research_images_dec_2022_linuxserver_qbittorrent-4_4_5,,,,,,,,,
"sha256:5c7755e9fab58ad8342930b556a5f9420aab0c38dba9261be3cdabc6f15f6247
",dh157_research_images_dec_2022_linuxserver_rutorrent-version-v3_10,,,,,,,,,
"sha256:fe73a4654c87e0015dd276923d54205000c1c6af927cefbc087b30d9ee818e44
",dh157_research_images_dec_2022_linuxserver_tautulli-2_11_0,,,,,,,,,
"sha256:eb2b46cea7c0d37a74df8abecdd8b3fbc1f8bd264a0b08e82ff8e2596cc01880
",dh157/research_images_dec_2022:linuxserver_thelounge-4_3_1-next,,,,,,,,,
"sha256:39982b2a789afc156fff00c707d0ff1c6ab4af8f1666a8df4787714059ce24e7
",dh157_research_images_dec_2022_mongo-express-0_54_0,,,,,,,,,
"sha256:e2eb06d8af8218cfec8210147357a68b7e13f7c485b991c288c2d01dc228bb68
",dh157_research_images_dec_2022_openebs_m-apiserver-2_12_2,,,,,,,,,
"sha256:1ad27bdd166b922492031b1938a4fb2f775e3d98c8f1b72051dad0570a4dd1b5
",dh157_research_images_dec_2022_openebs_provisioner-localpv-3_4_0,,,,,,,,,
"sha256:50644c29ef5a27c9a40c393a73ece2479de78325cae7d762ef3cdc19bf42dd0a
",dh157_research_images_dec_2022_rancher_coreos-flannel-v0_13_0-rancher1,,,,,,,,,
"sha256:4fc242d58285699eca05db3cc7c7122a2b8e014d9481f323bd9277baacfa0628
",dh157_research_images_dec_2022_rancher_rke-tools-v0_1_88,,,,,,,,,
"sha256:63493a9ab2d41e319e25dd7474e184d875e28cb267f7e6856ca91dccdd90ee28
",dh157_research_images_dec_2022_sonarqube-lts,dh157_research_images_dec_2022_vault-1_10_9,,,,,,,,
"sha256:f1dd685eb59e7d19dd353b02c4679d9fafd21ccffe1f51960e6c3645f3ceb0cd
",dh157_research_images_dec_2022_testcontainers_ryuk-0_3_4,,,,,,,,,
